r,b,swpd,free,buff,cache,si,so,bi,bo,in,cs,us,sy,id,wa,st,gu
18,0,0,351884,15580,421924,0,0,57412,645,2796,46,4,26,61,8,0,0
0,0,0,343732,15580,421988,0,0,0,0,16720,5778,3,86,11,0,0,0
23,0,0,343692,15580,422064,0,0,0,0,16286,5812,3,81,16,0,0,0
5,0,0,345620,15580,422112,0,0,0,0,17018,5684,2,87,11,0,0,0
20,0,0,346808,15580,422156,0,0,0,0,16363,5684,3,85,12,0,0,0
0,0,0,348260,15588,422192,0,0,0,76,16041,5383,3,91,6,0,0,0
7,0,0,333348,15588,422276,0,0,0,0,16342,5528,3,91,6,0,0,0
3,0,0,333760,15588,422296,0,0,0,0,17024,5536,3,89,8,0,0,0
2,0,0,334860,15588,422340,0,0,0,0,15434,6080,3,78,19,0,0,0
11,0,0,334428,15588,422380,0,0,0,0,16090,5778,2,78,20,0,0,0
12,0,0,333416,15596,422416,0,0,0,24,16803,5824,2,84,14,0,0,0
0,0,0,332944,15596,422468,0,0,0,0,16774,5265,3,86,11,0,0,0
6,0,0,335120,15596,422516,0,0,0,0,15335,5821,3,77,20,0,0,0
10,0,0,336560,15596,422560,0,0,0,0,17005,5619,2,89,9,0,0,0
5,0,0,332472,15596,422604,0,0,0,0,15753,5669,3,78,19,0,0,0
9,0,0,333944,15604,422644,0,0,0,16,16113,5908,2,77,21,0,0,0
4,0,0,323072,15604,422728,0,0,0,0,14978,5924,2,69,29,0,0,0
0,0,0,323636,15604,422740,0,0,0,0,16342,5873,3,79,18,0,0,0
0,0,0,324596,15604,422784,0,0,0,0,15827,5904,3,73,24,0,0,0
2,0,0,326812,15604,422828,0,0,0,0,16123,5950,2,79,19,0,0,0
0,0,0,326492,15612,422868,0,0,0,16,17024,5614,2,84,14,0,0,0
3,0,0,323112,15612,422916,0,0,0,0,16275,5746,4,77,19,0,0,0
0,0,0,324464,15612,422972,0,0,0,0,16234,5665,2,77,21,0,0,0
5,0,0,325136,15612,423016,0,0,0,0,16130,5801,3,75,22,0,0,0
25,0,0,327864,15612,423056,0,0,0,0,16656,5781,2,86,12,0,0,0
6,0,0,323896,15620,423096,0,0,0,20,16618,5446,4,88,8,0,0,0
2,0,0,324664,15620,423144,0,0,0,0,16721,5530,2,88,10,0,0,0
3,0,0,308468,15620,423192,0,0,0,240,15714,5725,3,78,19,0,0,0
16,0,0,304788,15620,423204,0,0,0,2724,16425,5917,3,85,12,0,0,0
10,0,0,307028,15620,423276,0,0,0,44,16280,5519,3,86,11,0,0,0
2,0,0,309076,15632,423312,0,0,0,72,15714,5708,2,85,13,0,0,0
8,0,0,311664,15632,423368,0,0,0,4,16056,5686,3,83,14,0,0,0
6,0,0,306732,15632,423420,0,0,0,0,15970,5554,4,83,13,0,0,0
28,0,0,307924,15632,423464,0,0,0,0,16292,5493,3,88,9,0,0,0
5,0,0,306176,15632,423504,0,0,0,1496,16194,5300,3,87,10,0,0,0
4,0,0,308340,15640,423544,0,0,0,36,16287,5483,3,86,11,0,0,0
7,0,0,305876,15640,423596,0,0,0,0,16216,5603,3,84,13,0,0,0
13,0,0,299828,15640,425656,0,0,2032,0,15664,5867,3,79,18,0,0,0
0,0,0,297136,15640,425720,0,0,0,0,16769,5357,2,90,8,0,0,0
1,0,0,300760,15640,425764,0,0,0,0,15499,5335,3,86,11,0,0,0
4,0,0,297792,15648,425800,0,0,0,16,16074,5056,3,93,4,0,0,0
0,0,0,300064,15648,425852,0,0,0,0,15977,5321,3,86,11,0,0,0
8,0,0,301760,15648,425896,0,0,0,0,16524,5536,3,82,15,0,0,0
3,0,0,298728,15648,425948,0,0,0,0,16145,5267,3,89,8,0,0,0
17,0,0,294044,15648,425992,0,0,0,0,16668,5254,2,94,4,0,0,0
18,0,0,298832,15656,426028,0,0,0,16,15631,5420,3,87,10,0,0,0
13,0,0,302768,15656,426080,0,0,0,0,16758,5340,4,88,8,0,0,0
8,0,0,302544,15656,426128,0,0,0,0,15753,5476,3,84,13,0,0,0
3,0,0,302960,15656,426176,0,0,0,0,15874,5483,3,85,12,0,0,0
9,0,0,299572,15656,426220,0,0,0,0,15656,5113,2,87,11,0,0,0
0,0,0,301856,15664,426256,0,0,0,16,15950,5750,3,81,16,0,0,0
22,0,0,302880,15664,426308,0,0,0,0,16634,5609,2,88,10,0,0,0
5,0,0,301284,15664,426352,0,0,0,0,16096,5223,3,93,4,0,0,0
13,0,0,296580,15664,426400,0,0,0,0,15434,5487,3,91,6,0,0,0
3,0,0,295548,15664,426444,0,0,0,0,15901,5409,4,92,4,0,0,0
7,0,0,297092,15672,426484,0,0,0,16,15088,5518,2,83,15,0,0,0
44,0,0,293544,15672,426532,0,0,0,0,15505,5121,3,93,4,0,0,0
12,0,0,293640,15672,428220,0,0,1612,0,15414,5701,4,92,4,0,0,0
18,0,0,287236,15672,428256,0,0,0,148,16138,5647,4,95,1,0,0,0
11,0,0,289696,15672,428284,0,0,0,0,15722,5136,3,97,0,0,0,0
9,0,0,292180,15680,428320,0,0,0,16,15347,5179,3,91,6,0,0,0
21,0,0,290504,15680,428372,0,0,0,64,15863,5361,4,94,2,0,0,0
20,0,0,289768,15680,428416,0,0,0,8,14723,5405,2,91,7,0,0,0
18,0,0,286344,15680,428460,0,0,0,0,15103,5632,2,88,10,0,0,0
14,0,0,286544,15680,428472,0,0,0,0,15392,5210,4,91,5,0,0,0
20,0,0,287800,15688,428540,0,0,0,1388,15380,5108,3,97,0,0,0,0
38,0,0,282468,15688,428592,0,0,0,0,14405,5269,3,97,0,0,0,0
16,0,0,268656,15688,428600,0,0,0,0,13317,5259,3,97,0,0,0,0
29,0,0,273280,15688,428640,0,0,0,0,13501,5471,4,96,0,0,0,0
10,0,0,275520,15688,429204,0,0,512,0,13769,6085,4,96,0,0,0,0
25,0,0,267200,15696,429272,0,0,0,16,14195,5710,3,97,0,0,0,0
8,0,0,278212,15696,429316,0,0,0,0,14214,5202,3,96,1,0,0,0
22,0,0,269392,15696,429360,0,0,0,0,14369,5562,3,97,0,0,0,0
25,0,0,269108,15696,429404,0,0,0,0,15264,5470,3,97,0,0,0,0
14,0,0,275468,15696,429448,0,0,0,0,15376,5530,3,96,1,0,0,0
13,0,0,282016,15704,429488,0,0,0,16,14962,5588,3,97,0,0,0,0
27,0,0,284720,15704,429540,0,0,0,0,15364,5500,3,96,1,0,0,0
17,0,0,284880,15704,429584,0,0,0,0,15325,5404,3,95,2,0,0,0
16,0,0,281924,15704,429628,0,0,0,0,15460,5439,3,97,0,0,0,0
11,0,0,282148,15704,429672,0,0,0,0,16195,5759,3,95,2,0,0,0
19,0,0,277212,15712,430276,0,0,520,16,15218,5794,3,97,0,0,0,0
23,0,0,276992,15712,430288,0,0,0,0,14919,5577,2,98,0,0,0,0
16,0,0,275488,15712,430332,0,0,0,0,15229,5501,4,92,4,0,0,0
16,0,0,279564,15712,430376,0,0,0,0,14725,5795,3,89,8,0,0,0
28,0,0,276468,15712,430420,0,0,0,0,15380,5689,4,91,5,0,0,0
8,0,0,277760,15720,430460,0,0,0,20,15714,5259,3,97,0,0,0,0
8,0,0,282796,15720,430512,0,0,0,0,14886,6169,3,83,14,0,0,0
13,0,0,281104,15720,430556,0,0,0,0,15829,5700,3,95,2,0,0,0
21,0,0,275376,15720,430600,0,0,0,0,16144,5610,3,97,0,0,0,0
15,0,0,282544,15720,430644,0,0,0,0,14841,5994,3,90,7,0,0,0
11,0,0,282872,15728,430680,0,0,0,16,14203,5873,3,89,8,0,0,0
13,0,0,262664,15728,431832,0,0,1064,0,14724,5847,3,97,0,0,0,0
15,0,0,263336,15728,431844,0,0,0,0,15231,6047,4,96,0,0,0,0
16,0,0,257656,15728,431884,0,0,0,4,15035,5393,3,97,0,0,0,0
27,0,0,260736,15728,431928,0,0,0,0,14579,5229,3,97,0,0,0,0
5,0,0,263504,15736,431964,0,0,0,1360,16087,5661,4,96,0,0,0,0
23,0,0,266860,15736,432024,0,0,0,24,15619,5561,3,97,0,0,0,0
18,0,0,274228,15736,432072,0,0,0,0,15142,5825,4,89,7,0,0,0
11,0,0,278528,15736,432112,0,0,0,0,15780,5564,4,96,0,0,0,0
28,0,0,278092,15736,432156,0,0,0,0,15352,5410,3,95,2,0,0,0
35,0,0,269672,15744,432192,0,0,0,16,14872,5701,3,97,0,0,0,0
18,0,0,268424,15744,432240,0,0,0,0,14571,5465,3,97,0,0,0,0
21,0,0,271620,15744,437540,0,0,5228,0,15450,6092,3,94,3,0,0,0
11,0,0,273340,15744,437560,0,0,0,0,14883,5475,4,91,5,0,0,0
26,0,0,265100,15744,437604,0,0,0,0,14728,5659,3,93,4,0,0,0
1,0,0,271832,15752,437636,0,0,0,16,15186,5800,3,95,2,0,0,0
18,0,0,275260,15752,437688,0,0,0,0,15573,5647,4,93,3,0,0,0
17,0,0,273100,15752,437740,0,0,0,0,14906,5759,4,89,7,0,0,0
3,0,0,269552,15752,437784,0,0,0,0,15224,5689,3,94,3,0,0,0
17,0,0,270288,15752,437828,0,0,0,0,15089,5467,4,95,1,0,0,0
25,0,0,273844,15760,437860,0,0,0,16,14914,5682,4,96,0,0,0,0
30,0,0,264900,15760,437908,0,0,0,0,14470,5186,4,96,0,0,0,0
25,0,0,275520,15760,437952,0,0,0,0,15112,5772,4,96,0,0,0,0
26,0,0,269172,15760,438272,0,0,240,0,14596,5927,4,96,0,0,0,0
25,0,0,257152,15760,438280,0,0,0,4,14099,5129,3,97,0,0,0,0
13,0,0,263808,15768,438312,0,0,0,16,13800,5488,4,96,0,0,0,0
13,0,0,274192,15768,438364,0,0,0,0,14556,6107,2,88,10,0,0,0
20,0,0,265476,15768,438408,0,0,0,0,14228,5628,3,97,0,0,0,0
26,0,0,267736,15768,438456,0,0,0,0,14684,5748,3,97,0,0,0,0
0,0,0,276216,15768,438500,0,0,0,0,14684,5463,4,93,3,0,0,0
24,0,0,276748,15776,438540,0,0,0,16,15288,5729,3,90,7,0,0,0
17,0,0,274316,15776,438592,0,0,0,0,15267,5662,3,95,2,0,0,0
23,0,0,266032,15776,438632,0,0,0,0,15301,5546,3,97,0,0,0,0
11,0,0,271920,15776,438680,0,0,0,0,15082,5885,3,97,0,0,0,0
7,0,0,276868,15776,438740,0,0,0,8,15467,5888,3,93,4,0,0,0
17,0,0,272216,15784,438752,0,0,0,24,15354,5379,4,92,4,0,0,0
28,0,0,266116,15784,438804,0,0,0,1328,14634,5504,3,97,0,0,0,0
21,0,0,271044,15784,438848,0,0,0,0,14542,5617,3,97,0,0,0,0
10,0,0,277540,15784,438892,0,0,0,0,15187,6203,3,88,9,0,0,0
7,0,0,276772,15784,438940,0,0,0,0,15372,5404,3,93,4,0,0,0
15,0,0,279012,15792,438972,0,0,0,28,14938,5867,3,90,7,0,0,0
11,0,0,274588,15792,439028,0,0,0,20,15984,5359,2,96,2,0,0,0
30,0,0,272572,15792,439072,0,0,0,0,15263,5707,4,92,4,0,0,0
14,0,0,275652,15792,439112,0,0,0,0,15763,5609,3,95,2,0,0,0
20,0,0,269188,15792,447360,0,0,8192,0,15852,5855,3,96,1,0,0,0
18,0,0,257288,15800,450488,0,0,3080,16,15620,6144,3,93,4,0,0,0
9,0,0,263848,15800,450524,0,0,0,0,15288,5864,3,91,6,0,0,0
17,0,0,265704,15800,450572,0,0,0,0,14535,5774,2,88,10,0,0,0
19,0,0,262664,15800,450612,0,0,0,0,14991,5569,4,94,2,0,0,0
14,0,0,262952,15800,450660,0,0,0,0,15174,5603,2,94,4,0,0,0
20,0,0,263504,15808,450700,0,0,0,16,15412,6133,4,86,10,0,0,0
17,0,0,260208,15808,450748,0,0,0,0,15470,5857,3,96,1,0,0,0
0,0,0,263544,15808,450796,0,0,0,0,15476,6341,3,87,10,0,0,0
20,0,0,265428,15808,450840,0,0,0,0,15628,6003,3,91,6,0,0,0
10,0,0,265332,15808,450888,0,0,0,0,15604,5996,3,91,6,0,0,0
12,0,0,260276,15816,450972,0,0,0,20,14639,5987,4,84,12,0,0,0
8,0,0,246776,15816,459196,0,0,8192,0,15539,5951,3,95,2,0,0,0
7,0,0,253524,15816,459220,0,0,0,0,15240,6101,2,85,13,0,0,0
7,0,0,251412,15816,459264,0,0,0,0,14854,6298,3,83,14,0,0,0
26,0,0,251716,15816,459312,0,0,0,0,14904,5540,4,93,3,0,0,0
13,0,0,237476,15824,459344,0,0,0,16,15244,5630,3,96,1,0,0,0
13,0,0,247136,15824,459396,0,0,0,0,15653,5859,3,93,4,0,0,0
8,0,0,253904,15824,459440,0,0,0,0,15578,6289,3,89,8,0,0,0
27,0,0,253464,15824,459488,0,0,0,0,15504,5689,4,92,4,0,0,0
0,0,0,253424,15824,459528,0,0,0,0,16102,5779,3,91,6,0,0,0
18,0,0,253396,15832,459576,0,0,0,16,14818,6258,3,79,18,0,0,0
9,0,0,249620,15832,459624,0,0,0,8,15796,5989,3,89,8,0,0,0
22,0,0,251184,15832,465752,0,0,6084,1352,15454,6123,3,87,10,0,0,0
14,0,0,251248,15832,465764,0,0,0,0,15823,5725,3,96,1,0,0,0
6,0,0,253200,15832,465812,0,0,0,0,15289,5933,3,88,9,0,0,0
5,0,0,252380,15840,465848,0,0,0,36,15340,5956,3,88,9,0,0,0
10,0,0,247420,15840,465904,0,0,0,0,14427,5945,3,85,12,0,0,0
16,0,0,242044,15840,465944,0,0,0,0,15029,5453,4,93,3,0,0,0
21,0,0,251264,15840,465988,0,0,0,0,16032,6005,2,88,10,0,0,0
15,0,0,250904,15840,466036,0,0,0,0,16271,5839,4,92,4,0,0,0
12,0,0,250680,15848,466076,0,0,0,16,15243,6255,3,84,13,0,0,0
15,0,0,249404,15848,466128,0,0,0,24,15126,5321,3,97,0,0,0,0
17,0,0,237988,15848,466192,0,0,0,0,15081,5929,4,92,4,0,0,0
24,0,0,235908,15848,466188,0,0,0,0,15033,5675,3,89,8,0,0,0
14,0,0,235508,15848,466232,0,0,0,0,15163,5313,3,97,0,0,0,0
7,0,0,238232,15856,466276,0,0,0,16,15406,5708,3,90,7,0,0,0
9,0,0,235480,15856,466332,0,0,0,0,14964,5754,3,91,6,0,0,0
14,0,0,241136,15856,466376,0,0,0,0,15517,5965,2,91,7,0,0,0
0,0,0,241852,15856,466416,0,0,0,0,15660,5889,3,93,4,0,0,0
0,0,0,248648,15856,466464,0,0,0,0,15509,6472,3,83,14,0,0,0
13,0,0,250156,15864,466500,0,0,0,20,15583,6080,3,85,12,0,0,0
11,0,0,251192,15864,466552,0,0,0,0,15408,6514,3,81,16,0,0,0
12,0,0,253004,15864,466600,0,0,0,0,15650,6306,2,85,13,0,0,0
7,0,0,237964,15864,470284,0,0,3644,0,15327,6126,3,88,8,1,0,0
14,0,0,239896,15864,470324,0,0,0,0,15585,6375,3,87,10,0,0,0
0,0,0,238884,15872,470360,0,0,0,16,16295,6035,3,92,5,0,0,0
0,0,0,244072,15872,470420,0,0,0,0,15545,6331,3,85,12,0,0,0
22,0,0,244584,15872,470464,0,0,0,0,15418,6351,3,88,9,0,0,0
14,0,0,234572,15872,470508,0,0,0,0,15640,5432,4,96,0,0,0,0
16,0,0,239796,15872,470548,0,0,0,0,15437,5728,2,91,7,0,0,0
31,0,0,240852,15880,470584,0,0,0,16,14895,5056,3,96,1,0,0,0
23,0,0,229876,15880,470636,0,0,0,0,14749,5271,3,97,0,0,0,0
15,0,0,236460,15880,470680,0,0,0,1352,14988,5623,3,96,1,0,0,0
42,0,0,238576,15880,471708,0,0,964,0,15359,5919,3,95,2,0,0,0
9,0,0,232564,15880,471728,0,0,0,0,15009,5698,3,95,2,0,0,0
12,0,0,240724,15888,471768,0,0,0,28,15902,5418,3,96,1,0,0,0
18,0,0,235680,15888,471828,0,0,0,0,15000,5624,3,91,6,0,0,0
13,0,0,235392,15888,471872,0,0,0,0,15069,5524,3,95,2,0,0,0
13,0,0,241036,15888,471916,0,0,0,0,15159,5716,4,91,5,0,0,0
13,0,0,232184,15888,471964,0,0,0,0,15401,5593,3,94,3,0,0,0
17,0,0,235864,15896,472000,0,0,0,16,15402,5607,3,94,3,0,0,0
6,0,0,239268,15896,472052,0,0,0,0,15371,5604,3,95,2,0,0,0
13,0,0,237156,15896,472100,0,0,0,0,15141,5848,3,92,5,0,0,0
22,0,0,236676,15896,472144,0,0,0,0,15057,5791,3,89,8,0,0,0
15,0,0,217252,15896,472216,0,0,0,0,15538,6144,3,97,0,0,0,0
18,0,0,233432,15904,472212,0,0,0,16,15608,5497,3,94,2,1,0,0
14,0,0,227284,15904,472268,0,0,0,12,15886,5694,4,96,0,0,0,0
10,0,0,234036,15904,472312,0,0,0,0,16144,5578,3,90,7,0,0,0
12,0,0,240388,15904,472360,0,0,0,0,15572,5802,2,89,9,0,0,0
1,0,0,236860,15904,472404,0,0,0,0,15905,5584,4,95,1,0,0,0
10,0,0,238980,15912,472440,0,0,0,20,14862,5590,3,90,7,0,0,0
9,0,0,237360,15912,472492,0,0,0,0,15204,5566,4,96,0,0,0,0
25,0,0,229172,15912,472544,0,0,0,0,15269,5317,3,97,0,0,0,0
21,0,0,230196,15912,472580,0,0,0,0,14130,5738,3,97,0,0,0,0
28,0,0,241340,15912,472624,0,0,0,0,15565,5627,3,97,0,0,0,0
6,0,0,236448,15920,472656,0,0,0,16,15750,5822,3,96,1,0,0,0
29,0,0,241124,15920,472712,0,0,0,0,14355,5592,3,92,5,0,0,0
16,0,0,237956,15920,472756,0,0,0,0,15165,5370,3,97,0,0,0,0
7,0,0,243228,15920,472804,0,0,0,0,14870,6031,3,93,4,0,0,0
13,0,0,245580,15920,472848,0,0,0,0,15139,5631,4,96,0,0,0,0
6,0,0,248092,15928,472884,0,0,0,16,14753,6458,3,82,15,0,0,0
15,0,0,248232,15928,472936,0,0,0,0,15363,6414,3,88,9,0,0,0
30,0,0,244176,15928,472980,0,0,0,0,15995,5895,3,91,6,0,0,0
4,0,0,245672,15928,473028,0,0,0,1348,15977,5963,4,88,8,0,0,0
12,0,0,248860,15928,473076,0,0,0,8,15756,6137,3,91,6,0,0,0
13,0,0,245184,15936,473116,0,0,0,36,15329,5724,2,95,3,0,0,0
14,0,0,245064,15936,473160,0,0,0,0,15554,5535,4,96,0,0,0,0
3,0,0,248440,15936,473208,0,0,0,0,16089,5894,3,93,4,0,0,0
12,0,0,248224,15936,473260,0,0,0,0,15460,6225,3,87,10,0,0,0
20,0,0,246112,15936,473300,0,0,0,0,14961,5944,3,93,4,0,0,0
2,0,0,244436,15944,473336,0,0,0,16,15013,5739,3,91,6,0,0,0
15,0,0,236820,15944,473388,0,0,0,0,14965,6018,3,92,5,0,0,0
12,0,0,239092,15944,473432,0,0,0,0,14678,5500,4,94,2,0,0,0
23,0,0,242392,15944,473484,0,0,0,0,14520,5399,2,97,1,0,0,0
13,0,0,236984,15944,473524,0,0,0,0,14582,5713,3,97,0,0,0,0
18,0,0,238712,15952,473592,0,0,0,16,15767,5958,3,95,2,0,0,0
14,0,0,244328,15952,473616,0,0,0,0,15149,5715,3,91,6,0,0,0
8,0,0,244016,15952,473660,0,0,0,0,14510,5682,3,91,6,0,0,0
0,0,0,243032,15952,473712,0,0,0,0,15587,5898,2,91,7,0,0,0
27,0,0,235060,15952,473748,0,0,0,4,15464,6131,3,85,12,0,0,0
14,0,0,237844,15960,473780,0,0,0,16,14760,5558,3,93,3,1,0,0
12,0,0,239492,15960,473836,0,0,0,24,15719,5979,4,88,8,0,0,0
7,0,0,240388,15960,473880,0,0,0,0,14731,5614,3,92,5,0,0,0
18,0,0,234732,15960,473924,0,0,0,0,15107,5516,4,93,3,0,0,0
10,0,0,240980,15960,473964,0,0,0,0,15655,6053,2,91,7,0,0,0
17,0,0,243708,15968,474000,0,0,0,16,15843,6071,3,89,8,0,0,0
0,0,0,239420,15968,474060,0,0,0,0,14778,6047,3,86,11,0,0,0
17,0,0,240444,15968,474096,0,0,0,0,14752,5835,2,91,7,0,0,0
8,0,0,240736,15968,474148,0,0,0,0,15672,5813,3,92,5,0,0,0
24,0,0,242112,15968,474192,0,0,0,0,15316,5818,3,90,7,0,0,0
29,0,0,236584,15976,474224,0,0,0,16,14411,5478,3,91,6,0,0,0
9,0,0,238056,15976,474276,0,0,0,0,15501,5842,4,92,4,0,0,0
8,0,0,240080,15976,474324,0,0,0,0,15358,5865,3,90,7,0,0,0
5,0,0,238424,15976,474368,0,0,0,0,15671,5634,3,93,4,0,0,0
23,0,0,239992,15976,474416,0,0,0,1356,15647,5354,3,94,3,0,0,0
13,0,0,237176,15984,474444,0,0,0,44,15188,5151,3,95,2,0,0,0
0,0,0,238372,15984,474508,0,0,0,0,15110,5976,3,85,12,0,0,0
19,0,0,241164,15984,474548,0,0,0,0,15478,6029,2,86,12,0,0,0
27,0,0,239116,15984,474584,0,0,0,0,15472,5044,3,95,2,0,0,0
4,0,0,240780,15984,474632,0,0,0,0,14935,6089,3,84,13,0,0,0
18,0,0,241644,15992,474668,0,0,0,16,15527,5610,3,92,5,0,0,0
0,0,0,239788,15992,474720,0,0,0,0,15424,5222,3,97,0,0,0,0
10,0,0,240236,15992,474772,0,0,0,0,14996,5223,3,94,3,0,0,0
31,0,0,230124,15992,474808,0,0,0,0,15465,5436,3,94,3,0,0,0
22,0,0,234708,15992,474852,0,0,0,0,15052,5911,3,83,14,0,0,0
11,0,0,242260,16000,474904,0,0,0,16,15438,5645,3,90,7,0,0,0
32,0,0,232348,16000,474956,0,0,0,0,15528,5274,3,97,0,0,0,0
20,0,0,231692,16000,474980,0,0,0,0,15419,5294,3,97,0,0,0,0
4,0,0,239812,16000,475032,0,0,0,0,15456,5922,3,93,4,0,0,0
20,0,0,241580,16000,475068,0,0,0,0,15757,6168,4,90,6,0,0,0
6,0,0,243284,16008,475120,0,0,0,20,15253,5837,3,94,3,0,0,0
20,0,0,240852,16008,475156,0,0,0,0,14902,6088,3,90,7,0,0,0
13,0,0,228376,16008,475200,0,0,0,0,15424,5238,3,97,0,0,0,0
9,0,0,231832,16008,475252,0,0,0,0,15429,5892,3,97,0,0,0,0
5,0,0,234264,16008,475288,0,0,0,0,15476,6340,3,88,9,0,0,0
22,0,0,235584,16016,475324,0,0,0,16,14952,5649,3,94,3,0,0,0
19,0,0,238432,16016,475384,0,0,0,24,15300,5690,3,94,3,0,0,0
31,0,0,235012,16016,475420,0,0,0,0,14765,5554,3,95,2,0,0,0
22,0,0,235364,16016,475464,0,0,0,0,13771,5085,3,97,0,0,0,0
1,0,0,234276,16016,475500,0,0,0,0,14421,5388,4,96,0,0,0,0
14,0,0,236420,16024,475540,0,0,0,16,15434,6243,3,89,8,0,0,0
22,0,0,233804,16024,475596,0,0,0,0,15800,5697,3,94,3,0,0,0
13,0,0,235380,16024,475632,0,0,0,0,14576,5584,2,97,1,0,0,0
14,0,0,237828,16024,475680,0,0,0,0,15170,5898,3,89,8,0,0,0
16,0,0,239236,16024,475732,0,0,0,1348,14589,6080,3,92,5,0,0,0
18,0,0,241156,16032,475760,0,0,0,28,15351,6027,3,88,9,0,0,0
9,0,0,243588,16032,475820,0,0,0,4,15251,6014,2,90,8,0,0,0
12,0,0,240988,16032,475864,0,0,0,0,15504,5909,4,88,8,0,0,0
15,0,0,243748,16032,475900,0,0,0,0,15676,6046,2,89,9,0,0,0
21,0,0,234884,16032,475952,0,0,0,0,15361,5427,4,94,2,0,0,0
3,0,0,237316,16040,475996,0,0,0,16,15576,6324,3,92,5,0,0,0
16,0,0,239428,16040,476032,0,0,0,0,15265,6193,3,88,9,0,0,0
31,0,0,229412,16040,476076,0,0,0,0,13218,5090,4,96,0,0,0,0
28,0,0,233252,16040,476112,0,0,0,0,14792,5413,3,97,0,0,0,0
25,0,0,232612,16040,476160,0,0,0,0,14524,5373,4,96,0,0,0,0
36,0,0,229604,16048,476204,0,0,0,16,14636,5157,2,98,0,0,0,0
21,0,0,232676,16048,476240,0,0,0,0,15670,5625,4,96,0,0,0,0
19,0,0,235524,16048,476300,0,0,0,0,14930,5852,3,90,7,0,0,0
2,0,0,237124,16048,476344,0,0,0,4,14880,6284,3,84,13,0,0,0
5,0,0,240900,16048,476380,0,0,0,0,15377,5871,4,90,6,0,0,0
24,0,0,240684,16056,476428,0,0,0,16,14865,6002,3,88,9,0,0,0
35,0,0,238104,16056,476464,0,0,0,0,14349,6249,3,84,13,0,0,0
14,0,0,235928,16064,476532,0,0,0,2068,15504,5583,3,97,0,0,0,0
0,0,0,237912,16064,476580,0,0,0,0,15528,6008,3,81,16,0,0,0
6,0,0,240344,16064,476616,0,0,0,0,14846,5569,3,88,9,0,0,0
12,0,0,237640,16088,476772,0,0,0,2148,15287,5735,3,96,1,0,0,0
19,0,0,231048,16088,476812,0,0,0,0,14623,5813,4,89,7,0,0,0
18,0,0,225704,16088,476872,0,0,0,0,15662,5956,4,95,1,0,0,0
19,0,0,232008,16088,476900,0,0,0,0,15102,5656,3,88,9,0,0,0
21,0,0,232808,16088,476952,0,0,0,0,15400,5934,3,89,8,0,0,0
23,0,0,233960,16096,476996,0,0,0,24,14468,5658,4,92,4,0,0,0
36,0,0,234184,16096,477036,0,0,0,44,13498,5311,3,93,4,0,0,0
27,0,0,230344,16096,477072,0,0,0,0,14890,5218,4,96,0,0,0,0
24,0,0,231304,16096,477124,0,0,0,0,15988,5831,3,94,3,0,0,0
33,0,0,232904,16096,477172,0,0,0,0,15303,5745,3,92,5,0,0,0
0,0,0,235272,16104,477200,0,0,0,16,15269,5851,4,91,5,0,0,0
1,0,0,237000,16104,477260,0,0,0,1384,15186,5416,4,90,6,0,0,0
15,0,0,238216,16104,477304,0,0,0,8,15126,5577,3,89,8,0,0,0
30,0,0,239592,16104,477344,0,0,0,0,14528,5698,2,91,7,0,0,0
34,0,0,234704,16104,477392,0,0,0,0,16207,5713,3,94,3,0,0,0
11,0,0,234096,16112,477444,0,0,0,44,15227,5744,3,89,8,0,0,0
7,0,0,235584,16112,477488,0,0,0,0,14694,5993,4,89,7,0,0,0
29,0,0,237056,16112,477528,0,0,0,0,14908,5415,2,96,2,0,0,0
10,0,0,239232,16112,477564,0,0,0,0,14678,5889,4,84,12,0,0,0
4,0,0,232608,16112,477616,0,0,0,0,15503,5946,3,89,8,0,0,0
41,0,0,227488,16120,477664,0,0,0,16,15599,5217,4,95,1,0,0,0
3,0,0,231488,16120,477708,0,0,0,0,15021,5800,3,87,10,0,0,0
9,0,0,233856,16120,477756,0,0,0,0,15102,6047,3,84,13,0,0,0
8,0,0,236128,16120,477800,0,0,0,0,15323,6016,3,89,8,0,0,0
21,0,0,229760,16120,477836,0,0,0,0,14844,5273,3,95,2,0,0,0
8,0,0,231456,16128,477896,0,0,0,20,16013,5812,4,91,5,0,0,0
13,0,0,232768,16128,477940,0,0,0,0,15749,5816,3,88,9,0,0,0
22,0,0,233760,16128,477980,0,0,0,0,15597,5635,3,89,8,0,0,0
12,0,0,235144,16128,478024,0,0,0,6144,15456,5687,3,92,5,0,0,0
15,0,0,232728,16128,478068,0,0,0,0,15556,5744,3,91,6,0,0,0
21,0,0,233848,16140,478116,0,0,0,32,14454,6295,3,82,15,0,0,0
0,0,0,229112,16140,478164,0,0,0,0,15532,5744,3,93,4,0,0,0
33,0,0,231400,16140,478200,0,0,0,0,14136,5049,4,96,0,0,0,0
12,0,0,234960,16140,478252,0,0,0,0,16270,5987,3,94,3,0,0,0
32,0,0,236760,16140,478292,0,0,0,0,14998,5541,3,92,5,0,0,0
57,0,0,229208,16148,478332,0,0,0,16,15429,5010,4,96,0,0,0,0
22,0,0,221544,16148,478392,0,0,0,0,14114,4785,2,98,0,0,0,0
30,0,0,222396,16148,478432,0,0,0,0,14384,5461,4,96,0,0,0,0
17,0,0,222868,16148,478504,0,0,0,0,15018,5696,3,97,0,0,0,0
10,0,0,222948,16148,478564,0,0,0,0,15812,9076,3,94,3,0,0,0
21,0,0,224780,16156,478612,0,0,0,16,14576,8238,3,88,9,0,0,0
41,0,0,220108,16156,478656,0,0,0,0,14800,7190,4,96,0,0,0,0
23,0,0,217276,16156,478696,0,0,0,1380,14700,6631,3,97,0,0,0,0
48,0,0,206684,16156,478736,0,0,0,8,13745,6385,4,96,0,0,0,0
46,0,0,211228,16156,478768,0,0,0,0,14490,6405,3,97,0,0,0,0
21,0,0,213468,16164,478820,0,0,0,36,13831,6453,3,97,0,0,0,0
14,0,0,214524,16164,478932,0,0,0,0,14186,4832,3,97,0,0,0,0
29,0,0,215064,16164,478996,0,0,0,0,15474,3736,3,97,0,0,0,0
22,0,0,203840,16164,479076,0,0,0,0,14957,3583,4,96,0,0,0,0
29,0,0,202392,16164,479160,0,0,0,0,14960,5301,3,97,0,0,0,0
37,0,0,203136,16172,479200,0,0,0,16,13993,5510,4,96,0,0,0,0
26,0,0,203812,16172,479240,0,0,0,0,14610,4033,2,98,0,0,0,0
28,0,0,203616,16172,479284,0,0,0,0,14935,3768,4,96,0,0,0,0
20,0,0,202752,16172,479336,0,0,0,0,15781,4317,4,96,0,0,0,0
30,0,0,204256,16172,479412,0,0,0,4,14639,10169,4,94,2,0,0,0
24,0,0,204108,16180,479456,0,0,0,16,15378,8021,3,97,0,0,0,0
42,0,0,205748,16180,479500,0,0,0,0,14647,7994,3,96,1,0,0,0
55,0,0,196628,16180,479544,0,0,0,0,14688,7593,3,97,0,0,0,0
39,0,0,195556,16180,479580,0,0,0,0,14713,6793,4,96,0,0,0,0
40,0,0,196964,16180,479616,0,0,0,0,15176,6976,3,97,0,0,0,0
19,0,0,199684,16188,479668,0,0,0,16,14983,7577,4,96,0,0,0,0
0,0,0,201028,16188,479716,0,0,0,0,15314,8331,4,92,4,0,0,0
18,0,0,203876,16188,479760,0,0,0,0,14398,7326,3,94,3,0,0,0
42,0,0,203688,16188,479808,0,0,0,0,14206,6632,4,96,0,0,0,0
26,0,0,199176,16188,479848,0,0,0,0,13668,6641,3,97,0,0,0,0
34,0,0,200360,16196,479880,0,0,0,16,13468,5956,4,96,0,0,0,0
44,0,0,203160,16196,479928,0,0,0,0,13910,7355,3,97,0,0,0,0
21,0,0,205432,16196,479980,0,0,0,0,15247,7590,3,93,4,0,0,0
1,0,0,210080,16196,480028,0,0,0,0,16112,7239,3,91,6,0,0,0
7,0,0,209152,16196,480072,0,0,0,0,15636,7626,3,84,13,0,0,0
0,0,0,214912,16204,480116,0,0,0,16,15156,7020,4,87,9,0,0,0
10,0,0,216608,16204,480160,0,0,0,0,14580,7322,2,85,13,0,0,0
16,0,0,213784,16204,480204,0,0,0,0,15721,6714,4,93,3,0,0,0
11,0,0,211332,16204,480248,0,0,0,1324,15430,6346,3,97,0,0,0,0
8,0,0,214724,16204,480300,0,0,0,4,15692,7204,3,85,12,0,0,0
28,0,0,210956,16212,480340,0,0,0,28,15572,6442,3,95,2,0,0,0
12,0,0,213868,16212,480388,0,0,0,0,15142,7187,3,83,14,0,0,0
22,0,0,212428,16212,480432,0,0,0,0,15415,7041,3,85,12,0,0,0
16,0,0,213708,16212,480476,0,0,0,20,14976,6712,3,89,8,0,0,0
4,0,0,215468,16212,480524,0,0,0,0,14429,6615,3,83,14,0,0,0
15,0,0,213332,16220,480564,0,0,0,16,14672,6660,3,90,7,0,0,0
12,0,0,209108,16220,480608,0,0,0,0,15447,6365,4,95,1,0,0,0
3,0,0,211476,16220,480656,0,0,0,0,15080,6627,2,92,6,0,0,0
13,0,0,213140,16220,480700,0,0,0,4,14781,6549,4,88,8,0,0,0
17,0,0,214452,16220,480748,0,0,0,0,15258,6684,4,90,6,0,0,0
21,0,0,213464,16228,480788,0,0,0,20,15358,6345,3,92,5,0,0,0
46,0,0,214680,16228,480836,0,0,0,0,15449,6840,4,94,2,0,0,0
13,0,0,214776,16228,480880,0,0,0,0,15454,6365,3,94,3,0,0,0
1,0,0,215896,16228,480924,0,0,0,0,15174,7312,4,81,15,0,0,0
3,0,0,218104,16228,480980,0,0,0,0,15976,7074,2,87,11,0,0,0
15,0,0,216600,16236,481024,0,0,0,16,15583,6616,4,90,6,0,0,0
35,0,0,215832,16236,481068,0,0,0,0,15700,6898,3,86,11,0,0,0
4,0,0,216632,16236,481112,0,0,0,0,15935,6661,3,92,5,0,0,0
0,0,0,218136,16236,481156,0,0,0,0,15248,6955,3,83,14,0,0,0
0,0,0,218840,16236,481200,0,0,0,0,15386,6970,4,78,18,0,0,0
0,0,0,218744,16244,481248,0,0,0,16,15085,6900,3,84,13,0,0,0
23,0,0,215768,16244,481292,0,0,0,0,15844,6960,3,84,13,0,0,0
18,0,0,217272,16244,481336,0,0,0,0,15372,7121,3,83,14,0,0,0
18,0,0,212632,16244,481380,0,0,0,0,15577,7432,3,80,17,0,0,0
11,0,0,213880,16244,481424,0,0,0,0,15610,7098,3,83,14,0,0,0
2,0,0,215480,16252,481476,0,0,0,16,15666,7626,3,82,15,0,0,0
10,0,0,217496,16252,481520,0,0,0,0,15731,7153,3,85,12,0,0,0
4,0,0,217624,16252,481564,0,0,0,0,15100,7281,2,82,16,0,0,0
40,0,0,215480,16252,481608,0,0,0,1356,15411,6909,3,89,8,0,0,0
17,0,0,214360,16252,481652,0,0,0,0,15906,7030,3,87,10,0,0,0
0,0,0,217464,16260,481704,0,0,0,36,15833,7006,4,91,5,0,0,0
11,0,0,219576,16260,481748,0,0,0,0,15189,7403,2,76,22,0,0,0
12,0,0,215992,16260,481788,0,0,0,0,15950,7049,3,85,12,0,0,0
13,0,0,214824,16260,481836,0,0,0,0,16019,7246,3,85,12,0,0,0
34,0,0,214696,16260,481876,0,0,0,0,15706,6956,3,83,14,0,0,0
2,0,0,216424,16268,481932,0,0,0,24,15813,7024,3,88,9,0,0,0
10,0,0,213704,16268,481976,0,0,0,0,15876,6645,3,90,7,0,0,0
0,0,0,214120,16268,482016,0,0,0,0,15760,7066,3,88,9,0,0,0
15,0,0,215944,16268,482064,0,0,0,28,14848,6935,3,83,14,0,0,0
28,0,0,203880,16268,482108,0,0,0,0,15686,6753,4,91,5,0,0,0
16,0,0,205512,16276,482144,0,0,0,16,16110,6712,3,97,0,0,0,0
5,0,0,210376,16276,482196,0,0,0,0,15135,6855,3,91,6,0,0,0
34,0,0,212680,16276,482240,0,0,0,0,15708,6833,4,90,6,0,0,0
2,0,0,211944,16276,482284,0,0,0,0,16033,6790,2,90,8,0,0,0
5,0,0,213160,16276,482332,0,0,0,0,15141,7331,3,85,12,0,0,0
12,0,0,214440,16284,482372,0,0,0,16,14932,7230,4,83,13,0,0,0
18,0,0,215464,16284,482424,0,0,0,0,15585,6855,3,88,9,0,0,0
31,0,0,207304,16284,482464,0,0,0,0,14917,6186,2,98,0,0,0,0
17,0,0,208976,16284,482508,0,0,0,0,15279,6318,4,95,1,0,0,0
41,0,0,208976,16284,482548,0,0,0,0,14650,6187,4,96,0,0,0,0
37,0,0,207696,16292,482588,0,0,0,16,14447,6079,3,97,0,0,0,0
60,0,0,196056,16292,482628,0,0,0,0,13111,5249,4,96,0,0,0,0
44,0,0,196252,16292,482664,0,0,0,0,15355,5342,4,96,0,0,0,0
27,0,0,201300,16292,482704,0,0,0,0,14700,5297,4,96,0,0,0,0
28,0,0,203400,16292,482764,0,0,0,0,15657,7434,4,95,1,0,0,0
24,0,0,204232,16300,482804,0,0,0,16,14233,6613,3,96,1,0,0,0
28,0,0,210728,16300,482848,0,0,0,0,14250,6365,4,96,0,0,0,0
35,0,0,199624,16300,482884,0,0,0,0,14108,5950,3,97,0,0,0,0
45,0,0,201736,16300,482912,0,0,0,0,14413,5106,4,96,0,0,0,0
21,0,0,204204,16300,482948,0,0,0,1304,13863,3919,3,97,0,0,0,0
23,0,0,204920,16308,482980,0,0,0,28,12931,3515,3,97,0,0,0,0
20,0,0,196928,16308,483020,0,0,0,0,13831,3656,4,96,0,0,0,0
22,0,0,198376,16308,483064,0,0,0,8,13748,3604,3,97,0,0,0,0
12,0,0,196992,16308,483144,0,0,0,0,15220,6561,4,96,0,0,0,0
34,0,0,192616,16308,483192,0,0,0,0,14800,8772,3,97,0,0,0,0
17,0,0,194440,16316,483224,0,0,0,24,12309,7063,3,97,0,0,0,0
31,0,0,190184,16316,483260,0,0,0,0,15202,7559,3,97,0,0,0,0
25,0,0,192136,16316,483304,0,0,0,0,14656,7848,4,96,0,0,0,0
41,0,0,193520,16316,483368,0,0,0,0,14519,9065,4,96,0,0,0,0
51,0,0,193840,16316,483400,0,0,0,0,15032,7467,2,98,0,0,0,0
24,0,0,194704,16324,483436,0,0,0,20,14257,7335,3,97,0,0,0,0
47,0,0,188912,16324,483472,0,0,0,0,14172,6344,3,97,0,0,0,0
39,0,0,191424,16324,483500,0,0,0,0,14779,5288,4,96,0,0,0,0
32,0,0,192644,16324,483540,0,0,0,0,13170,3407,5,95,0,0,0,0
17,0,0,193260,16324,483580,0,0,0,24,13185,3388,3,97,0,0,0,0
36,0,0,195584,16332,483624,0,0,0,16,14789,3659,3,97,0,0,0,0
33,0,0,195488,16332,483672,0,0,0,0,15590,3717,3,97,0,0,0,0
35,0,0,196664,16332,483716,0,0,0,0,15967,4093,3,97,0,0,0,0
21,0,0,197664,16332,483784,0,0,0,0,15465,9634,4,96,0,0,0,0
21,0,0,192280,16332,483828,0,0,0,0,14790,8240,3,97,0,0,0,0
49,0,0,190616,16340,483872,0,0,0,16,13629,8074,4,96,0,0,0,0
32,0,0,194104,16340,483912,0,0,0,0,14260,7469,4,96,0,0,0,0
37,0,0,195992,16340,483956,0,0,0,0,13731,7669,3,97,0,0,0,0
43,0,0,191864,16340,483996,0,0,0,0,14305,7702,4,96,0,0,0,0
43,0,0,193920,16340,484044,0,0,0,0,13999,7822,4,93,3,0,0,0
2,0,0,198384,16348,484096,0,0,0,16,15113,7622,3,95,2,0,0,0
35,0,0,190864,16348,484132,0,0,0,0,12568,6824,4,95,1,0,0,0
25,0,0,196944,16348,484172,0,0,0,0,15275,6937,4,96,0,0,0,0
51,0,0,197232,16348,484216,0,0,0,0,14009,6714,2,98,0,0,0,0
50,0,0,193904,16348,484248,0,0,0,0,14493,6091,4,96,0,0,0,0
31,0,0,198544,16356,484288,0,0,0,1328,14207,5916,4,96,0,0,0,0
29,0,0,201232,16356,484332,0,0,0,0,15321,4673,3,97,0,0,0,0
55,0,0,201656,16356,484372,0,0,0,0,15548,4998,4,96,0,0,0,0
19,0,0,199776,16356,484412,0,0,0,4,15083,5207,3,97,0,0,0,0
52,0,0,196864,16356,484452,0,0,0,0,15000,6725,4,96,0,0,0,0
24,0,0,198144,16364,484496,0,0,0,16,14610,5657,3,97,0,0,0,0
29,0,0,199224,16364,484564,0,0,0,0,15388,7633,4,96,0,0,0,0
68,0,0,190268,16364,484608,0,0,0,0,14410,8105,3,97,0,0,0,0
39,0,0,191772,16364,484640,0,0,0,4,14559,7366,3,97,0,0,0,0
56,0,0,192700,16364,484676,0,0,0,0,14076,7113,3,97,0,0,0,0
31,0,0,194748,16372,484708,0,0,0,16,14797,3989,3,97,0,0,0,0
32,0,0,192216,16372,484748,0,0,0,0,14847,3791,3,97,0,0,0,0
38,0,0,194172,16372,484804,0,0,0,0,15016,4697,4,96,0,0,0,0
33,0,0,194304,16372,484836,0,0,0,0,12756,3608,3,97,0,0,0,0
24,0,0,196064,16372,484872,0,0,0,0,13234,3114,3,97,0,0,0,0
25,0,0,196388,16380,484920,0,0,0,32,16118,3900,3,97,0,0,0,0
32,0,0,197636,16380,484964,0,0,0,0,14785,4995,4,96,0,0,0,0
17,0,0,191872,16380,485012,0,0,0,0,13785,4491,3,97,0,0,0,0
50,0,0,189672,16380,485060,0,0,0,0,14036,5794,4,96,0,0,0,0
36,0,0,187664,16380,485092,0,0,0,0,13932,3400,4,96,0,0,0,0
20,0,0,184236,16388,485132,0,0,0,16,14448,3501,3,97,0,0,0,0
14,0,0,185612,16388,485180,0,0,0,0,14941,3508,3,97,0,0,0,0
28,0,0,187864,16388,485236,0,0,0,0,14405,5737,4,96,0,0,0,0
34,0,0,189048,16388,485304,0,0,0,0,14547,8709,5,95,0,0,0,0
37,0,0,187488,16388,485336,0,0,0,0,14848,7749,3,97,0,0,0,0
44,0,0,188672,16396,485392,0,0,0,16,14937,8698,4,95,1,0,0,0
23,0,0,188936,16396,485432,0,0,0,0,14722,7393,3,96,1,0,0,0
24,0,0,190408,16396,485480,0,0,0,0,15603,8613,4,96,0,0,0,0
29,0,0,193840,16396,485532,0,0,0,0,14201,7675,3,90,7,0,0,0
20,0,0,194832,16396,485572,0,0,0,0,14202,7370,4,96,0,0,0,0
34,0,0,196528,16404,485616,0,0,0,1336,15624,7620,4,95,1,0,0,0
29,0,0,199344,16404,485660,0,0,0,0,15246,7084,3,95,2,0,0,0
15,0,0,201132,16404,485708,0,0,0,0,15283,6556,3,92,5,0,0,0
27,0,0,200940,16404,485752,0,0,0,0,15302,6594,4,96,0,0,0,0
23,0,0,201644,16404,485796,0,0,0,8,15158,6212,2,98,0,0,0,0
19,0,0,208492,16412,485836,0,0,0,36,15098,6262,3,97,0,0,0,0
31,0,0,204716,16412,485884,0,0,0,0,14531,6268,3,93,4,0,0,0
41,0,0,194060,16412,485920,0,0,0,0,13406,5757,3,97,0,0,0,0
14,0,0,197420,16412,485956,0,0,0,0,14236,5447,3,97,0,0,0,0
41,0,0,199664,16412,486000,0,0,0,0,15250,6375,4,96,0,0,0,0
10,0,0,200700,16420,486036,0,0,0,20,14704,4583,4,96,0,0,0,0
12,0,0,190824,16420,486072,0,0,0,0,14819,3862,3,97,0,0,0,0
51,0,0,192432,16420,486128,0,0,0,0,15551,8642,4,96,0,0,0,0
1,0,0,194448,16420,486196,0,0,0,0,15249,9679,3,92,5,0,0,0
28,0,0,190392,16420,486236,0,0,0,0,14679,8390,4,93,3,0,0,0
13,0,0,192248,16428,486284,0,0,0,16,15131,8913,3,92,5,0,0,0
4,0,0,196024,16428,486328,0,0,0,0,15449,8038,4,93,3,0,0,0
6,0,0,197720,16428,486372,0,0,0,0,14779,8522,3,90,7,0,0,0
17,0,0,199352,16428,486412,0,0,0,0,14915,7511,4,96,0,0,0,0
11,0,0,194264,16428,486468,0,0,0,0,15184,7328,4,91,5,0,0,0
18,0,0,198392,16436,486512,0,0,0,16,15599,7560,3,93,4,0,0,0
13,0,0,197752,16436,486552,0,0,0,24,15761,7360,3,97,0,0,0,0
23,0,0,203864,16436,486600,0,0,0,0,14941,7109,4,93,3,0,0,0
26,0,0,194400,16436,486636,0,0,0,0,15073,6302,3,97,0,0,0,0
11,0,0,202176,16436,486688,0,0,0,0,15038,7538,4,92,4,0,0,0
0,0,0,206752,16444,486732,0,0,0,16,15058,7062,2,96,2,0,0,0
22,0,0,207104,16444,486776,0,0,0,0,15698,6567,3,93,4,0,0,0
0,0,0,206688,16444,486820,0,0,0,0,15238,6569,3,96,1,0,0,0
20,0,0,208448,16444,486868,0,0,0,0,14729,6764,4,91,5,0,0,0
20,0,0,208416,16444,486916,0,0,0,0,14566,6891,3,89,8,0,0,0
0,0,0,207072,16452,486964,0,0,0,16,14567,6578,3,93,4,0,0,0
33,0,0,207424,16452,487004,0,0,0,1344,14718,7395,3,86,11,0,0,0
18,0,0,205048,16452,487048,0,0,0,0,15104,6728,4,93,3,0,0,0
18,0,0,205868,16452,487096,0,0,0,0,15339,6911,3,95,2,0,0,0
11,0,0,207020,16452,487140,0,0,0,0,15004,7467,3,83,14,0,0,0
17,0,0,208464,16460,487184,0,0,0,32,14728,7337,2,86,12,0,0,0
11,0,0,211088,16460,487232,0,0,0,0,15311,7294,4,85,11,0,0,0
21,0,0,208976,16460,487272,0,0,0,0,15486,7585,2,85,13,0,0,0
0,0,0,206032,16460,487316,0,0,0,0,15436,7195,4,90,6,0,0,0
21,0,0,206104,16460,487360,0,0,0,4,14915,6751,3,89,8,0,0,0
0,0,0,207636,16468,487416,0,0,0,16,14705,6729,3,84,13,0,0,0
2,0,0,209140,16468,487460,0,0,0,0,15483,6989,3,86,11,0,0,0
14,0,0,192468,16468,487496,0,0,0,0,15553,6470,4,96,0,0,0,0
10,0,0,200488,16468,487544,0,0,0,0,15461,7104,2,85,13,0,0,0
16,0,0,204208,16468,487592,0,0,0,0,15301,7254,4,80,16,0,0,0
0,0,0,207120,16476,487640,0,0,0,16,15805,7091,2,88,10,0,0,0
16,0,0,208496,16476,487684,0,0,0,0,15875,6685,3,90,7,0,0,0
2,0,0,210832,16476,487732,0,0,0,0,15578,7065,3,85,12,0,0,0
7,0,0,212752,16476,487772,0,0,0,0,15498,6680,2,92,6,0,0,0
22,0,0,214096,16476,487816,0,0,0,0,15236,7179,3,81,16,0,0,0
12,0,0,215600,16484,487864,0,0,0,16,14621,6652,3,91,6,0,0,0
0,0,0,216648,16484,487912,0,0,0,0,15092,6490,4,89,7,0,0,0
0,0,0,216744,16484,487952,0,0,0,0,15037,6606,4,88,8,0,0,0
30,0,0,215264,16484,487996,0,0,0,0,15287,6508,3,92,5,0,0,0
16,0,0,216448,16484,488044,0,0,0,0,15636,6944,3,89,8,0,0,0
26,0,0,212768,16492,488096,0,0,0,16,14837,6946,3,88,9,0,0,0
0,0,0,212480,16492,488136,0,0,0,0,14932,6429,3,97,0,0,0,0
30,0,0,209312,16492,488180,0,0,0,12,15186,6420,4,92,4,0,0,0
10,0,0,210784,16492,488224,0,0,0,0,15482,6646,3,97,0,0,0,0
50,0,0,214304,16492,488268,0,0,0,0,15403,6432,4,95,1,0,0,0
18,0,0,209696,16500,488320,0,0,0,16,14946,6687,3,94,3,0,0,0
20,0,0,213376,16500,488360,0,0,0,0,15836,7295,4,89,7,0,0,0
3,0,0,214912,16500,488404,0,0,0,1356,16077,6919,3,93,4,0,0,0
19,0,0,215424,16500,488448,0,0,0,0,14959,7047,3,88,9,0,0,0
7,0,0,216800,16500,488492,0,0,0,0,15035,6779,3,91,6,0,0,0
4,0,0,215232,16508,488540,0,0,0,28,15202,6930,3,90,7,0,0,0
21,0,0,212096,16508,488584,0,0,0,8,15117,6721,3,94,3,0,0,0
12,0,0,213024,16508,488636,0,0,0,0,15097,6886,4,89,7,0,0,0
4,0,0,214560,16508,488680,0,0,0,0,15514,7048,3,88,9,0,0,0
13,0,0,216096,16508,488720,0,0,0,0,14593,7527,3,80,17,0,0,0
17,0,0,217184,16516,488768,0,0,0,28,15679,6947,3,90,7,0,0,0
6,0,0,215840,16516,488816,0,0,0,0,16278,7032,3,92,5,0,0,0
25,0,0,217568,16516,488860,0,0,0,0,15652,6491,3,93,4,0,0,0
28,0,0,218528,16516,488904,0,0,0,0,15783,7333,4,83,13,0,0,0
0,0,0,219744,16516,488944,0,0,0,0,15185,7105,2,88,10,0,0,0
12,0,0,220096,16524,488992,0,0,0,16,14974,7155,4,87,9,0,0,0
13,0,0,218144,16524,489040,0,0,0,0,14638,6273,3,93,4,0,0,0
23,0,0,216672,16524,489080,0,0,0,0,15389,6736,4,95,1,0,0,0
14,0,0,212704,16524,489128,0,0,0,0,15749,7324,3,86,11,0,0,0
18,0,0,208952,16524,489172,0,0,0,0,14809,7011,3,90,7,0,0,0
15,0,0,211928,16532,489216,0,0,0,16,15020,7146,4,88,8,0,0,0
18,0,0,213948,16532,489268,0,0,0,0,14421,7315,3,86,11,0,0,0
0,0,0,214336,16532,489288,0,0,0,0,7081,2389,1,42,57,0,0,0
0,0,0,214336,16532,489288,0,0,0,0,1919,73,0,1,99,0,0,0
0,0,0,214336,16532,489288,0,0,0,0,1950,50,0,1,99,0,0,0
0,0,0,214336,16540,489284,0,0,0,16,1773,95,0,3,95,2,0,0
0,0,0,214336,16540,489288,0,0,0,0,1909,94,0,3,97,0,0,0
0,0,0,214336,16540,489288,0,0,0,0,1794,149,0,2,98,0,0,0
0,0,0,214336,16540,489288,0,0,0,0,1916,65,0,1,99,0,0,0
0,0,0,214336,16540,489292,0,0,0,0,1937,59,0,2,98,0,0,0
0,0,0,214336,16540,489292,0,0,0,0,1876,70,0,2,98,0,0,0
0,0,0,214336,16548,489292,0,0,0,12,1920,75,0,1,98,1,0,0
0,0,0,214336,16548,489292,0,0,0,916,1955,65,0,2,98,0,0,0
0,0,0,214336,16548,489292,0,0,0,0,1931,68,0,2,98,0,0,0
0,0,0,214336,16548,489292,0,0,0,0,1925,57,0,1,99,0,0,0
0,0,0,214336,16548,489292,0,0,0,0,1955,84,0,2,98,0,0,0
0,0,0,214336,16548,489292,0,0,0,0,1932,55,0,2,98,0,0,0
0,0,0,214336,16556,489292,0,0,0,28,1939,156,0,1,99,0,0,0
0,0,0,214336,16556,489292,0,0,0,8,1847,71,0,2,98,0,0,0
0,0,0,214336,16556,489292,0,0,0,4,1924,71,0,2,98,0,0,0
0,0,0,214336,16556,489292,0,0,0,0,1909,55,0,1,99,0,0,0
0,0,0,214336,16556,489292,0,0,0,0,1946,62,0,2,98,0,0,0
0,0,0,214336,16556,489292,0,0,0,0,1924,54,0,2,98,0,0,0
0,0,0,214336,16564,489292,0,0,0,20,1839,90,0,2,97,1,0,0
0,0,0,214084,16580,489276,0,0,0,80,1756,328,0,2,98,0,0,0
